INSERT INTO `CAPS`.`login` (`userID`, `userPassword`, `userRole`) VALUES ('E000001A', 'password', 'student');
INSERT INTO `CAPS`.`login` (`userID`, `userPassword`, `userRole`) VALUES ('E000002B', 'apple', 'student');
INSERT INTO `CAPS`.`login` (`userID`, `userPassword`, `userRole`) VALUES ('E000003C', 'pear', 'student');
INSERT INTO `CAPS`.`login` (`userID`, `userPassword`, `userRole`) VALUES ('E000004D', 'orange', 'student');
INSERT INTO `CAPS`.`login` (`userID`, `userPassword`, `userRole`) VALUES ('E000005E', 'grape', 'student');
INSERT INTO `CAPS`.`login` (`userID`, `userPassword`, `userRole`) VALUES ('E000006F', 'banana', 'student');
INSERT INTO `CAPS`.`login` (`userID`, `userPassword`, `userRole`) VALUES ('E000007G', 'dragonfruit', 'student');
INSERT INTO `CAPS`.`login` (`userID`, `userPassword`, `userRole`) VALUES ('E000008H', 'coffee', 'student');
INSERT INTO `CAPS`.`login` (`userID`, `userPassword`, `userRole`) VALUES ('E000009I', 'chocolate', 'student');
INSERT INTO `CAPS`.`login` (`userID`, `userPassword`, `userRole`) VALUES ('E000010J', 'milo', 'student');
INSERT INTO `CAPS`.`login` (`userID`, `userPassword`, `userRole`) VALUES ('E000011K', 'subway', 'student');
INSERT INTO `CAPS`.`login` (`userID`, `userPassword`, `userRole`) VALUES ('E000012L', 'cookie', 'student');
INSERT INTO `CAPS`.`login` (`userID`, `userPassword`, `userRole`) VALUES ('E000013M', 'turkey', 'student');
INSERT INTO `CAPS`.`login` (`userID`, `userPassword`, `userRole`) VALUES ('E000014N', 'chicken', 'student');
INSERT INTO `CAPS`.`login` (`userID`, `userPassword`, `userRole`) VALUES ('E000015O', 'meatball', 'student');
INSERT INTO `CAPS`.`login` (`userID`, `userPassword`, `userRole`) VALUES ('E000016P', 'latte', 'student');
INSERT INTO `CAPS`.`login` (`userID`, `userPassword`, `userRole`) VALUES ('E000017Q', 'banmien', 'student');
INSERT INTO `CAPS`.`login` (`userID`, `userPassword`, `userRole`) VALUES ('E000018R', 'beefrice', 'student');
INSERT INTO `CAPS`.`login` (`userID`, `userPassword`, `userRole`) VALUES ('E000019S', 'sandwich', 'student');
INSERT INTO `CAPS`.`login` (`userID`, `userPassword`, `userRole`) VALUES ('E000020T', 'chickenrice', 'student');
INSERT INTO `CAPS`.`login` (`userID`, `userPassword`, `userRole`) VALUES ('L000001A', 'briyani', 'lecturer');
INSERT INTO `CAPS`.`login` (`userID`, `userPassword`, `userRole`) VALUES ('L000002B', 'chcolatecookie', 'lecturer');
INSERT INTO `CAPS`.`login` (`userID`, `userPassword`, `userRole`) VALUES ('L000003C', 'fortunecookie', 'lecturer');
INSERT INTO `CAPS`.`login` (`userID`, `userPassword`, `userRole`) VALUES ('L000004D', 'koisuru', 'lecturer');
INSERT INTO `CAPS`.`login` (`userID`, `userPassword`, `userRole`) VALUES ('L000005E', 'tonkutsu', 'lecturer');
INSERT INTO `CAPS`.`login` (`userID`, `userPassword`, `userRole`) VALUES ('A000001A', 'misoshiru', 'admin');
INSERT INTO `CAPS`.`login` (`userID`, `userPassword`, `userRole`) VALUES ('A000002B', 'wakameudon', 'admin');






INSERT INTO `CAPS`.`student` (`studentID`, `firstName`, `secondName`, `address`, `yearStudy`, `email`, `cGPA`) VALUES ('E000001A', 'Akshay', 'Mohan', 'Blk 518 West Coast Road', '3', 'E0015517@u.nus.edu', '4');
INSERT INTO `CAPS`.`student` (`studentID`, `firstName`, `secondName`, `address`, `yearStudy`, `email`, `cGPA`) VALUES ('E000002B', 'Jane', 'Mohan', 'Blk 518 West Coast Road', '2', 'E0046753@u.nus.edu', '3');
INSERT INTO `CAPS`.`student` (`studentID`, `firstName`, `secondName`, `address`, `yearStudy`, `email`, `cGPA`) VALUES ('E000003C', 'Sixuan', 'Chiam', 'Blk 874 Yishun Street 81', '2', 'E0046672@u.nus.edu', '3');
INSERT INTO `CAPS`.`student` (`studentID`, `firstName`, `secondName`, `address`, `yearStudy`, `email`, `cGPA`) VALUES ('E000004D', 'Marco', 'Hu', 'Blk 555 Clementi Street 51', '2', 'E0053718@u.nus.edu', '5');
INSERT INTO `CAPS`.`student` (`studentID`, `firstName`, `secondName`, `address`, `yearStudy`, `email`) VALUES ('E000005E', 'Amos ', 'Chow', 'Blk 452 Serangoon Street 21', '1', 'E0045618@u.nus.edu');
INSERT INTO `CAPS`.`student` (`studentID`, `firstName`, `secondName`, `address`, `yearStudy`, `email`) VALUES ('E000006F', 'Chan', 'Chan', 'Blk 123 Clementi Street 73', '1', 'E0041232@u.nus.edu');
INSERT INTO `CAPS`.`student` (`studentID`, `firstName`, `secondName`, `address`, `yearStudy`, `email`) VALUES ('E000007G', 'Nwe', 'Thazin', 'Blk 625 Jurong East Street 32', '1', 'E0040462@u.nus.edu');
INSERT INTO `CAPS`.`student` (`studentID`, `firstName`, `secondName`, `address`, `yearStudy`, `email`) VALUES ('E000008H', 'Imran', 'Careem', 'Blk 874 Ang Mo Kio Street 54', '1', 'E0046213@u.nus.edu');
INSERT INTO `CAPS`.`student` (`studentID`, `firstName`, `secondName`, `address`, `yearStudy`, `email`) VALUES ('E000009I', 'MingJun', 'Guan', 'Blk 342 Serangoon Street 76', '1', 'E0044827@u.nus.edu');
INSERT INTO `CAPS`.`student` (`studentID`, `firstName`, `secondName`, `address`, `yearStudy`, `email`) VALUES ('E000010J', 'Thuu', 'Lay', 'Blk 142 Bishan Street 51', '1', 'E0045628@u.nus.edu');
INSERT INTO `CAPS`.`student` (`studentID`, `firstName`, `secondName`, `address`, `yearStudy`, `email`) VALUES ('E000011K', 'ZhiYang', 'Lim', 'Blk 81 Toa Payoh Street 21', '1', 'E0041725@u.nus.edu');
INSERT INTO `CAPS`.`student` (`studentID`, `firstName`, `secondName`, `address`, `yearStudy`, `email`) VALUES ('E000012L', 'TianYuan', 'Zhao', 'Blk 621 Tiong Bahru Street 11', '1', 'E0042561@u.nus.edu');
INSERT INTO `CAPS`.`student` (`studentID`, `firstName`, `secondName`, `address`, `yearStudy`, `email`) VALUES ('E000013M', 'XiaoEster', 'Shi', 'Blk 431 Orchard Road ', '1', 'E0043514@u.nus.edu');
INSERT INTO `CAPS`.`student` (`studentID`, `firstName`, `secondName`, `address`, `yearStudy`, `email`) VALUES ('E000014N', 'MonMon', 'Shi', 'Blk 726 Chua Chu Kang Street 86', '1', 'E0042234@u.nus.edu');
INSERT INTO `CAPS`.`student` (`studentID`, `firstName`, `secondName`, `address`, `yearStudy`, `email`) VALUES ('E000015O', 'Zoe', 'Lim', 'Blk 624 Bukit Gombak Street 52', '1', 'E0041132@u.nus.edu');
INSERT INTO `CAPS`.`student` (`studentID`, `firstName`, `secondName`, `address`, `yearStudy`, `email`) VALUES ('E000016P', 'Kiat', 'Wee ', 'Blk 645 Hougang Street 66', '1', 'E0046272@u.nus.edu');
INSERT INTO `CAPS`.`student` (`studentID`, `firstName`, `secondName`, `address`, `yearStudy`, `email`) VALUES ('E000017Q', 'Raaj', 'Mohammad', 'Blk 721 Lakeside Street 11', '1', 'E0046712@u.nus.edu');
INSERT INTO `CAPS`.`student` (`studentID`, `firstName`, `secondName`, `address`, `yearStudy`, `email`) VALUES ('E000018R', 'Ash ', 'Ketchum', 'Blk 736 Changi Business Park', '1', 'E0041271@u.nus.edu');
INSERT INTO `CAPS`.`student` (`studentID`, `firstName`, `secondName`, `address`, `yearStudy`, `email`) VALUES ('E000019S', 'Zheng', 'ZuZhi', 'Blk 615 Punggol Street 62', '1', 'E0041006@u.nus.edu');
INSERT INTO `CAPS`.`student` (`studentID`, `firstName`, `secondName`, `address`, `yearStudy`, `email`) VALUES ('E000020T', 'Vincent ', 'Lau', 'Blk 231 Yishun Street 71', '1', 'E0040051@u.nus.edu');



INSERT INTO `CAPS`.`lecturer` (`lecturerID`, `firstName`, `secondName`, `phone`, `address`) VALUES ('L000001A', 'Derek', 'Kiong', '81234034', 'NUS ISS');
INSERT INTO `CAPS`.`lecturer` (`lecturerID`, `firstName`, `secondName`, `phone`, `address`) VALUES ('L000002B', 'Suriya', 'Priya', '6667743', 'NUS ISS');
INSERT INTO `CAPS`.`lecturer` (`lecturerID`, `firstName`, `secondName`, `phone`, `address`) VALUES ('L000003C', 'BoonKui', 'Lee', '98152728', 'NUS ISS');
INSERT INTO `CAPS`.`lecturer` (`lecturerID`, `firstName`, `secondName`, `phone`, `address`) VALUES ('L000004D', 'Megan ', 'Wang', '91816352', 'NUS ISS');
INSERT INTO `CAPS`.`lecturer` (`lecturerID`, `firstName`, `secondName`, `phone`, `address`) VALUES ('L000005E', 'Yuen', 'Kuang', '96141517', 'NUS ISS');



UPDATE `CAPS`.`lecturer` SET `firstName`='Ester', `secondName`='Tan' WHERE `lecturerID`='L000004D';


INSERT INTO `CAPS`.`course` (`courseID`, `lecturerID`, `courseName`, `startDate`, `endDate`, `courseFees`, `courseCredits`, `comments`) VALUES ('OOAD101', 'L000004D', 'Object Oriented Design', '2017-01-02', '2017-05-31', '10000', '8', 'Students will learn about the fundamentals for Object Oriented Design Programming');
INSERT INTO `CAPS`.`course` (`courseID`, `lecturerID`, `courseName`, `startDate`, `endDate`, `courseFees`, `courseCredits`, `comments`) VALUES ('JAVA101', 'L000002B', 'Java Programming', '2017-06-02', '2017-11-30', '10000', '12', 'Students will learn about the fundamentals for Object Oriented JAVA Programming');
INSERT INTO `CAPS`.`course` (`courseID`, `lecturerID`, `courseName`, `startDate`, `endDate`, `courseFees`, `courseCredits`, `comments`) VALUES ('ASP.NET', 'L000001A', 'ASP Programming', '2017-01-02', '2017-05-31', '8000', '12', 'Students will learn about the fundamentals for Object Oriented ASP Programming');
INSERT INTO `CAPS`.`course` (`courseID`, `lecturerID`, `courseName`, `startDate`, `endDate`, `courseFees`, `courseCredits`, `comments`) VALUES ('C#101', 'L000001A', 'C# Programming', '2017-01-02', '2017-05-31', '9000', '10', 'Students will learn about the fundamentals for Object Oriented C# Programming');
INSERT INTO `CAPS`.`course` (`courseID`, `lecturerID`, `courseName`, `startDate`, `endDate`, `courseFees`, `courseCredits`, `comments`) VALUES ('SQL101', 'L000005E', 'SQL ', '2017-01-02', '2017-05-31', '7000', '8', 'Students will learn about the fundamentals for SQL Programming');
INSERT INTO `CAPS`.`course` (`courseID`, `lecturerID`, `courseName`, `startDate`, `endDate`, `courseFees`, `courseCredits`, `comments`) VALUES ('SWENG', 'L000004D', 'Software Engineering', '2017-06-02', '2017-11-30', '7000', '10', 'Students will learn about the fundamentals for Software Engineering');
INSERT INTO `CAPS`.`course` (`courseID`, `lecturerID`, `courseName`, `startDate`, `endDate`, `courseFees`, `courseCredits`, `comments`) VALUES ('PM101', 'L000003C', 'Project Management ', '2017-06-02', '2017-11-30', '9000', '8', 'Students will learn about the fundamentals for Object Oriented Project Mangement');



INSERT INTO `CAPS`.`enrolment` (`course_courseID`, `user_userid`, `courseStart`, `enrolmentBy`, `studentGrade`) VALUES ('JAVA101', 'E000001A', '2014-01-01', '2013-12-01', 'B');
INSERT INTO `CAPS`.`enrolment` (`course_courseID`, `user_userid`, `courseStart`, `enrolmentBy`, `studentGrade`) VALUES ('OOAD101', 'E000001A', '2014-01-01', '2013-12-01', 'A');
INSERT INTO `CAPS`.`enrolment` (`course_courseID`, `user_userid`, `courseStart`, `enrolmentBy`, `studentGrade`) VALUES ('ASP.NET', 'E000001A', '2015-01-01', '2014-12-01', 'B');
INSERT INTO `CAPS`.`enrolment` (`course_courseID`, `user_userid`, `courseStart`, `enrolmentBy`, `studentGrade`) VALUES ('C#101', 'E000001A', '2015-01-01', '2014-12-01', 'C');
INSERT INTO `CAPS`.`enrolment` (`course_courseID`, `user_userid`, `courseStart`, `enrolmentBy`, `studentGrade`) VALUES ('SQL101', 'E000001A', '2015-01-01', '2014-12-01', 'B');
INSERT INTO `CAPS`.`enrolment` (`course_courseID`, `user_userid`, `courseStart`, `enrolmentBy`, `studentGrade`) VALUES ('JAVA101', 'E000002B', '2015-01-01', '2014-12-01', 'B');
INSERT INTO `CAPS`.`enrolment` (`course_courseID`, `user_userid`, `courseStart`, `enrolmentBy`, `studentGrade`) VALUES ('OOAD101', 'E000002B', '2015-01-01', '2014-12-01', 'B');
INSERT INTO `CAPS`.`enrolment` (`course_courseID`, `user_userid`, `courseStart`, `enrolmentBy`, `studentGrade`) VALUES ('ASP.NET', 'E000002B', '2016-01-01', '2015-12-01', 'A');
INSERT INTO `CAPS`.`enrolment` (`course_courseID`, `user_userid`, `courseStart`, `enrolmentBy`, `studentGrade`) VALUES ('OOAD101', 'E000003C', '2015-01-01', '2014-12-01', 'B');
INSERT INTO `CAPS`.`enrolment` (`course_courseID`, `user_userid`, `courseStart`, `enrolmentBy`, `studentGrade`) VALUES ('C#101', 'E000003C', '2016-01-01', '2015-12-01', 'C');
INSERT INTO `CAPS`.`enrolment` (`course_courseID`, `user_userid`, `courseStart`, `enrolmentBy`, `studentGrade`) VALUES ('SQL101', 'E000003C', '2016-01-01', '2015-12-01', 'B');
INSERT INTO `CAPS`.`enrolment` (`course_courseID`, `user_userid`, `courseStart`, `enrolmentBy`, `studentGrade`) VALUES ('ASP.NET', 'E000004D', '2015-01-01', '2014-12-01', 'A');
INSERT INTO `CAPS`.`enrolment` (`course_courseID`, `user_userid`, `courseStart`, `enrolmentBy`, `studentGrade`) VALUES ('JAVA101', 'E000004D', '2016-01-01', '2015-12-01', 'B');
INSERT INTO `CAPS`.`enrolment` (`course_courseID`, `user_userid`, `courseStart`, `enrolmentBy`, `studentGrade`) VALUES ('C#101', 'E000004D', '2016-01-01', '2015-12-01', 'C');

